y_test,proba,y_pred
1,0.97037166,1
1,0.42935583,1
0,0.5260396,1
1,0.96264434,1
0,0.46704915,1
0,0.14024992,0
0,0.10224154,0
1,0.9179115,1
1,0.26173317,0
0,0.050825864,0
0,0.69506085,1
0,0.19937481,0
0,0.54494405,1
1,0.97580665,1
0,0.2646185,0
0,0.19334729,0
0,0.33201644,0
0,0.6663791,1
1,0.84246165,1
0,0.90386283,1
0,0.4969591,1
1,0.9818978,1
1,0.33811304,0
0,0.13853034,0
0,0.07948588,0
1,0.6961792,1
0,0.21789253,0
1,0.50387204,1
1,0.60964113,1
0,0.20428735,0
1,0.07266207,0
0,0.14627045,0
0,0.086649045,0
0,0.11078683,0
0,0.08491181,0
0,0.23422575,0
0,0.14539154,0
0,0.3854579,1
1,0.48539472,1
0,0.3881545,1
0,0.5761781,1
0,0.13088883,0
0,0.5594105,1
1,0.90217686,1
1,0.9652525,1
1,0.3272223,0
1,0.96496946,1
1,0.9694233,1
0,0.20392124,0
0,0.50166863,1
1,0.6474826,1
0,0.013674908,0
0,0.21498969,0
1,0.9671263,1
0,0.29826573,0
0,0.14192148,0
0,0.2503653,0
1,0.9917047,1
0,0.099783376,0
0,0.10599341,0
0,0.20600663,0
0,0.15243894,0
1,0.7976587,1
0,0.53938985,1
0,0.101788156,0
0,0.2575898,0
0,0.17964245,0
0,0.100864895,0
1,0.93652874,1
0,0.2945233,0
0,0.5749474,1
0,0.16679145,0
1,0.77434486,1
1,0.99162626,1
1,0.9476697,1
0,0.19325213,0
1,0.26577246,0
1,0.65294814,1
1,0.7161927,1
0,0.54031926,1
0,0.82782304,1
0,0.042864893,0
0,0.4172768,1
1,0.78494716,1
0,0.32391518,0
1,0.77534264,1
0,0.03271636,0
0,0.50626385,1
1,0.93506753,1
0,0.0795483,0
0,0.04544275,0
0,0.1338335,0
0,0.052957613,0
1,0.663876,1
1,0.9213616,1
0,0.23940061,0
0,0.44459936,1
1,0.95247746,1
1,0.9488432,1
0,0.30770695,0
1,0.97416794,1
0,0.68297815,1
0,0.27350676,0
1,0.7595608,1
1,0.28848144,0
1,0.987857,1
0,0.18055658,0
0,0.17498933,0
1,0.036142368,0
1,0.5282925,1
0,0.06850137,0
1,0.67470896,1
0,0.15101594,0
0,0.19937481,0
0,0.11214863,0
0,0.23906115,0
0,0.7203819,1
0,0.09296981,0
1,0.9804951,1
1,0.9948331,1
0,0.065949984,0
0,0.091231205,0
0,0.32231227,0
1,0.77300906,1
0,0.013448371,0
0,0.36211205,1
0,0.5738184,1
1,0.9719044,1
0,0.27677226,0
1,0.57101524,1
0,0.11261875,0
0,0.2503653,0
1,0.9907094,1
0,0.02599864,0
1,0.12665895,0
0,0.15034118,0
0,0.97852534,1
0,0.08745148,0
0,0.24083728,0
1,0.9099575,1
0,0.030188262,0
0,0.024040774,0
0,0.05927774,0
0,0.37087986,1
1,0.96459377,1
0,0.6862129,1
1,0.24786799,0
0,0.46877643,1
0,0.06587025,0
0,0.031568218,0
0,0.5315709,1
0,0.48294094,1
1,0.97194135,1
1,0.7701626,1
0,0.44483003,1
1,0.41301057,1
1,0.9546132,1
0,0.14120688,0
0,0.44133124,1
1,0.9429033,1
0,0.30247745,0
1,0.9712493,1
1,0.969098,1
0,0.35442927,1
0,0.39169684,1
1,0.99126655,1
0,0.11342409,0
0,0.3458236,1
0,0.17376028,0
0,0.21574275,0
1,0.98127544,1
0,0.082816504,0
0,0.2265707,0
1,0.94433445,1
0,0.22724482,0
1,0.5566435,1
1,0.5594105,1
1,0.5788512,1
1,0.98572636,1
0,0.3710617,1
0,0.16202076,0
1,0.9809413,1
0,0.19618002,0
0,0.96058464,1
0,0.98735017,1
0,0.39912108,1
0,0.14370905,0
0,0.7789273,1
1,0.9684124,1
0,0.09123188,0
0,0.31391066,0
1,0.829861,1
0,0.1538051,0
0,0.21752268,0
1,0.9752133,1
1,0.954665,1
1,0.853688,1
1,0.13929154,0
0,0.12465987,0
0,0.41790035,1
0,0.2352342,0
0,0.1129015,0
0,0.030817036,0
1,0.57762235,1
0,0.12604405,0
1,0.9833937,1
0,0.56751066,1
1,0.608692,1
0,0.67621475,1
0,0.24677141,0
0,0.53831613,1
0,0.35820174,1
1,0.2743873,0
1,0.8839028,1
0,0.09155567,0
0,0.41924652,1
1,0.40498483,1
1,0.97389185,1
0,0.12630244,0
0,0.12429784,0
1,0.9964993,1
0,0.09311649,0
0,0.092178844,0
0,0.4653736,1
1,0.9812352,1
1,0.27239013,0
0,0.033181574,0
0,0.124799214,0
0,0.10771812,0
1,0.95088464,1
0,0.68099797,1
0,0.096397355,0
0,0.6798056,1
1,0.15628679,0
0,0.7216346,1
0,0.074139655,0
0,0.26244825,0
0,0.050507903,0
0,0.67641747,1
1,0.9930889,1
0,0.14228731,0
1,0.97806454,1
1,0.8815904,1
0,0.076562464,0
0,0.66402686,1
1,0.8001656,1
0,0.1175475,0
0,0.76665926,1
0,0.30343166,0
0,0.9954543,1
0,0.5676326,1
1,0.97862774,1
0,0.2296642,0
0,0.2541958,0
1,0.55728114,1
0,0.6697572,1
1,0.07460674,0
0,0.4300661,1
0,0.18288249,0
1,0.8887462,1
0,0.1900776,0
0,0.26896402,0
1,0.8588689,1
0,0.04936287,0
0,0.14848538,0
0,0.28064194,0
1,0.97222906,1
1,0.9579994,1
1,0.4714532,1
1,0.98633665,1
0,0.20061187,0
1,0.9880256,1
0,0.040788677,0
0,0.10374171,0
1,0.6598982,1
0,0.18898095,0
0,0.14708458,0
0,0.09347838,0
0,0.48704177,1
0,0.49253443,1
1,0.9665759,1
0,0.06367452,0
0,0.102331154,0
1,0.98651636,1
1,0.35308012,1
1,0.7624531,1
1,0.5867505,1
0,0.22601393,0
1,0.76292783,1
0,0.07514611,0
0,0.21763882,0
0,0.08840363,0
0,0.08161745,0
1,0.9789097,1
0,0.61832565,1
1,0.9679539,1
0,0.10823262,0
0,0.19009455,0
0,0.07279739,0
1,0.7760057,1
1,0.91772693,1
0,0.7627808,1
0,0.09863481,0
0,0.831283,1
0,0.60167086,1
1,0.9871923,1
0,0.42921215,1
0,0.17635177,0
0,0.023515048,0
1,0.4977133,1
1,0.90537107,1
0,0.2993233,0
1,0.95452064,1
1,0.55008864,1
0,0.123293154,0
0,0.4082616,1
0,0.013618383,0
1,0.9963792,1
0,0.9041923,1
0,0.24216329,0
0,0.49578142,1
1,0.24102768,0
0,0.11949354,0
0,0.19889174,0
0,0.09703882,0
0,0.53355676,1
0,0.6581847,1
0,0.24377342,0
1,0.9349352,1
1,0.96518385,1
0,0.14313938,0
1,0.9023654,1
1,0.5435685,1
0,0.06269998,0
0,0.20229813,0
0,0.22601393,0
0,0.37727833,1
1,0.89896286,1
1,0.81419784,1
1,0.9003057,1
0,0.056768116,0
0,0.26173317,0
0,0.6205877,1
1,0.36608556,1
0,0.06948821,0
0,0.116233,0
0,0.25242603,0
0,0.5731158,1
0,0.14822374,0
0,0.36546576,1
0,0.029039348,0
0,0.1650618,0
1,0.15070307,0
1,0.8607011,1
1,0.915704,1
0,0.6799709,1
0,0.09252999,0
1,0.9542594,1
1,0.37830192,1
1,0.97885495,1
0,0.46813884,1
0,0.26304272,0
0,0.04936287,0
0,0.10810555,0
0,0.033866823,0
0,0.2525744,0
1,0.4600658,1
1,0.31507283,0
1,0.9869473,1
0,0.015829315,0
1,0.04000251,0
0,0.43193838,1
1,0.97953004,1
1,0.66399187,1
0,0.16445665,0
1,0.854843,1
1,0.0806878,0
0,0.08446628,0
1,0.30130547,0
1,0.95262486,1
1,0.42921215,1
0,0.4342169,1
0,0.09819834,0
0,0.02044878,0
0,0.9888061,1
1,0.75158924,1
1,0.9737586,1
1,0.9051483,1
1,0.5259662,1
1,0.9803136,1
0,0.06098135,0
0,0.12976523,0
0,0.02330324,0
0,0.90559626,1
0,0.113398366,0
0,0.2540401,0
1,0.78058684,1
0,0.10618973,0
1,0.9939866,1
0,0.021592949,0
0,0.28488666,0
0,0.54739535,1
1,0.41676882,1
0,0.8611231,1
0,0.10590299,0
0,0.46704915,1
0,0.29066247,0
0,0.37004492,1
0,0.34424284,1
1,0.7217781,1
0,0.3242981,0
1,0.97310346,1
0,0.100706644,0
1,0.97982043,1
0,0.23261158,0
1,0.9503449,1
1,0.52911603,1
0,0.12884411,0
1,0.65945655,1
1,0.16761622,0
0,0.02831172,0
0,0.31952864,0
1,0.8752207,1
0,0.4830312,1
0,0.49514103,1
1,0.2356484,0
1,0.9887643,1
0,0.41011867,1
0,0.3592113,1
0,0.08367476,0
0,0.5626889,1
0,0.14748067,0
1,0.9184441,1
0,0.29900518,0
0,0.306863,0
0,0.32310554,0
0,0.19849631,0
0,0.14374863,0
0,0.42517692,1
0,0.08006042,0
0,0.1440955,0
1,0.99323773,1
1,0.9046226,1
0,0.09414646,0
0,0.15540384,0
1,0.995952,1
0,0.38040504,1
0,0.6439403,1
0,0.17635177,0
0,0.051338438,0
1,0.8880491,1
1,0.9439303,1
1,0.9934962,1
0,0.43427816,1
0,0.08858964,0
0,0.29815885,0
1,0.9806723,1
0,0.20469849,0
0,0.058170598,0
0,0.12028955,0
0,0.15019289,0
1,0.71069026,1
1,0.98823893,1
1,0.97741836,1
0,0.1289751,0
0,0.15803367,0
0,0.39871043,1
0,0.038362395,0
0,0.15858047,0
1,0.98797834,1
0,0.57646775,1
1,0.45177835,1
0,0.05117444,0
0,0.79148895,1
1,0.7566198,1
1,0.9851436,1
1,0.38285968,1
1,0.98267853,1
1,0.97500426,1
0,0.43824464,1
0,0.21863239,0
0,0.13561249,0
0,0.056768116,0
0,0.20115495,0
0,0.18068686,0
0,0.28470752,0
0,0.18545862,0
1,0.94196254,1
0,0.22087519,0
1,0.88203216,1
1,0.16180532,0
0,0.08466518,0
0,0.24717647,0
1,0.9855137,1
1,0.9973078,1
1,0.35088396,1
1,0.22117516,0
1,0.92327744,1
0,0.5788369,1
1,0.9449049,1
1,0.9901689,1
0,0.38023853,1
0,0.15034118,0
1,0.3458236,1
0,0.0942553,0
0,0.9781194,1
1,0.8537182,1
0,0.6841868,1
1,0.06649453,0
0,0.47948965,1
1,0.6123804,1
1,0.92352676,1
1,0.7191014,1
0,0.37743807,1
1,0.71438557,1
1,0.97934514,1
0,0.8535194,1
0,0.32874766,0
1,0.9042177,1
0,0.17403558,0
1,0.98909247,1
0,0.6330348,1
0,0.505754,1
0,0.4596177,1
0,0.5892445,1
1,0.48797134,1
1,0.43975583,1
0,0.1178026,0
1,0.9816328,1
1,0.9629571,1
0,0.32453543,0
0,0.18799417,0
0,0.07375474,0
1,0.98995227,1
1,0.08771118,0
0,0.2976899,0
0,0.17059445,0
0,0.16942027,0
0,0.5836399,1
0,0.41125426,1
0,0.5943627,1
0,0.8755593,1
0,0.1440955,0
1,0.075298026,0
0,0.17016661,0
0,0.08122408,0
0,0.090113066,0
1,0.7651699,1
0,0.061589975,0
1,0.9650514,1
0,0.25302392,0
0,0.031123234,0
0,0.18237004,0
0,0.7761939,1
1,0.951309,1
1,0.48430645,1
1,0.98291653,1
1,0.9878807,1
1,0.74270034,1
1,0.352974,1
1,0.5594105,1
0,0.5316434,1
1,0.9355377,1
0,0.42029116,1
0,0.039848305,0
0,0.08619569,0
1,0.8098096,1
1,0.38601536,1
0,0.05462786,0
0,0.5820977,1
0,0.5775371,1
0,0.23091128,0
1,0.41101107,1
0,0.19145635,0
0,0.52342397,1
0,0.19656299,0
0,0.4225961,1
0,0.47086316,1
1,0.9657452,1
1,0.9232425,1
0,0.029088043,0
1,0.5158886,1
0,0.5171498,1
1,0.9825044,1
0,0.20307757,0
1,0.96766686,1
1,0.45074287,1
1,0.8635568,1
1,0.18831195,0
1,0.38469958,1
0,0.26459488,0
1,0.41101107,1
0,0.2503653,0
1,0.9942316,1
0,0.9789202,1
0,0.14244723,0
1,0.51317567,1
1,0.9934726,1
1,0.7562084,1
0,0.5514637,1
0,0.5880323,1
1,0.96157765,1
0,0.13222747,0
1,0.11349572,0
1,0.97852576,1
1,0.18868293,0
1,0.98930687,1
0,0.550677,1
0,0.7180887,1
1,0.93641084,1
0,0.17929648,0
0,0.15228823,0
0,0.48310977,1
0,0.16476874,0
1,0.9729436,1
0,0.5305588,1
1,0.98928386,1
0,0.30309027,0
1,0.9875152,1
0,0.23497875,0
1,0.3595891,1
0,0.041945774,0
0,0.17714478,0
1,0.97694653,1
0,0.031039234,0
0,0.502933,1
1,0.92524153,1
0,0.24499702,0
0,0.45679235,1
0,0.20390628,0
0,0.32903886,0
1,0.97964215,1
0,0.40439555,1
0,0.5402633,1
0,0.046095476,0
0,0.158384,0
0,0.62682384,1
0,0.5195527,1
0,0.36418113,1
0,0.11658623,0
0,0.41459233,1
0,0.1273799,0
1,0.56957424,1
1,0.64595264,1
1,0.19221956,0
0,0.088929124,0
1,0.9946907,1
0,0.70232856,1
1,0.9737671,1
0,0.06272755,0
1,0.49441892,1
1,0.66901845,1
0,0.05760055,0
0,0.04541844,0
1,0.9699393,1
1,0.23213978,0
0,0.22942336,0
1,0.19989085,0
0,0.1513459,0
1,0.50433236,1
1,0.976454,1
1,0.6882436,1
0,0.103736974,0
0,0.17714478,0
1,0.24887894,0
0,0.32943052,0
0,0.49651924,1
1,0.92722905,1
1,0.66307193,1
1,0.12717253,0
1,0.34326288,1
0,0.08256304,0
0,0.12081755,0
1,0.9564811,1
0,0.1773803,0
0,0.057120413,0
0,0.12323693,0
0,0.44837904,1
1,0.97710234,1
0,0.28189453,0
0,0.6300717,1
1,0.6908206,1
0,0.109294325,0
1,0.7459235,1
0,0.1574184,0
1,0.97760653,1
0,0.1122457,0
0,0.42916304,1
1,0.1590983,0
1,0.9041923,1
0,0.7545551,1
0,0.343464,1
1,0.17500797,0
0,0.19645618,0
1,0.98569125,1
0,0.44097513,1
0,0.13608672,0
0,0.53175557,1
0,0.9084092,1
1,0.968971,1
0,0.4667851,1
1,0.9818978,1
1,0.3676636,1
1,0.04820273,0
1,0.7735624,1
1,0.9434401,1
0,0.4653736,1
0,0.092011884,0
1,0.9918507,1
0,0.06884024,0
1,0.9000112,1
1,0.98033583,1
0,0.10023398,0
1,0.9522725,1
0,0.07369128,0
0,0.1020222,0
1,0.9444078,1
1,0.98157686,1
1,0.9887737,1
1,0.98233414,1
1,0.17701341,0
1,0.9905015,1
0,0.071918935,0
0,0.033480536,0
1,0.84804416,1
1,0.55718017,1
1,0.42551664,1
0,0.47086316,1
0,0.5420658,1
1,0.97976905,1
1,0.93445593,1
0,0.09198485,0
1,0.81777143,1
0,0.16419785,0
1,0.8822712,1
0,0.09608865,0
0,0.027635287,0
0,0.5851962,1
1,0.20068483,0
0,0.05241567,0
0,0.18877874,0
1,0.776193,1
0,0.3339271,0
1,0.93460906,1
0,0.05586934,0
1,0.9904392,1
0,0.29685172,0
0,0.20023163,0
1,0.570198,1
1,0.98849595,1
1,0.9903916,1
0,0.16324082,0
1,0.8748409,1
1,0.39872918,1
1,0.9762245,1
1,0.95090693,1
0,0.4245317,1
0,0.051930398,0
0,0.20533821,0
0,0.16963273,0
0,0.65042055,1
0,0.14552216,0
0,0.17332228,0
1,0.9346851,1
1,0.27682716,0
0,0.7158888,1
1,0.9755955,1
1,0.973217,1
0,0.14024992,0
0,0.18059057,0
1,0.4286137,1
0,0.166825,0
0,0.28618732,0
0,0.21482389,0
1,0.92613983,1
0,0.93703204,1
1,0.7418214,1
0,0.06260449,0
0,0.272388,0
1,0.98948133,1
0,0.13619862,0
0,0.13958973,0
0,0.014165938,0
0,0.14965822,0
0,0.3193449,0
0,0.2262818,0
1,0.9179681,1
0,0.062548205,0
1,0.8155914,1
1,0.71244353,1
1,0.97067016,1
0,0.13122708,0
1,0.9231211,1
1,0.18068686,0
0,0.30218092,0
1,0.18930446,0
1,0.22894563,0
1,0.35836747,1
1,0.9740363,1
0,0.11621035,0
1,0.4286375,1
0,0.044370946,0
1,0.70447606,1
1,0.3581399,1
0,0.42676017,1
1,0.9827708,1
0,0.101883985,0
0,0.1127986,0
1,0.37775016,1
1,0.27677226,0
0,0.27292997,0
0,0.1457401,0
0,0.27503592,0
0,0.034540314,0
0,0.105927855,0
0,0.40560785,1
0,0.6432552,1
0,0.32078472,0
1,0.06660146,0
0,0.2504226,0
1,0.7744208,1
0,0.02589665,0
0,0.18289985,0
1,0.9164061,1
0,0.026940072,0
0,0.33625248,0
0,0.42279926,1
0,0.055027526,0
0,0.12420956,0
0,0.39620483,1
1,0.95704395,1
0,0.11091569,0
0,0.022358578,0
1,0.99324167,1
0,0.11871158,0
0,0.1253189,0
0,0.07261835,0
0,0.0993257,0
0,0.76678866,1
1,0.98258084,1
0,0.2782399,0
1,0.97191805,1
0,0.94067556,1
0,0.37443477,1
0,0.1138484,0
0,0.122838706,0
0,0.4298467,1
1,0.4152185,1
0,0.26030415,0
1,0.8830714,1
1,0.97712916,1
0,0.11368162,0
0,0.9843925,1
1,0.95839125,1
0,0.45642918,1
1,0.97180057,1
1,0.4982012,1
1,0.89915043,1
1,0.95324844,1
0,0.21959679,0
1,0.7240702,1
0,0.46093926,1
0,0.16658445,0
0,0.13589977,0
0,0.73873425,1
1,0.11801819,0
1,0.9912977,1
0,0.41734353,1
1,0.55009854,1
0,0.06025038,0
1,0.27785447,0
1,0.65879345,1
0,0.4470427,1
0,0.17199796,0
0,0.502932,1
0,0.3454095,1
0,0.2657246,0
0,0.14471619,0
0,0.032476794,0
1,0.42921215,1
1,0.4935108,1
0,0.27839607,0
1,0.127688,0
1,0.60580057,1
0,0.14662187,0
0,0.5751606,1
1,0.10377346,0
0,0.8002838,1
1,0.9255748,1
0,0.97499895,1
0,0.35836747,1
1,0.93688524,1
0,0.29036584,0
0,0.13452576,0
0,0.18996443,0
0,0.5251473,1
1,0.64647055,1
0,0.08344318,0
1,0.09393483,0
0,0.17962447,0
1,0.62029815,1
0,0.19113867,0
0,0.26563767,0
1,0.67397726,1
0,0.54206806,1
0,0.96961606,1
0,0.25531942,0
0,0.4235774,1
1,0.70483255,1
0,0.40785378,1
0,0.22446002,0
1,0.99166894,1
0,0.2588737,0
1,0.1445214,0
0,0.16038576,0
1,0.93053097,1
0,0.49306834,1
0,0.044175982,0
0,0.2741232,0
0,0.4835695,1
1,0.94629616,1
1,0.10742042,0
0,0.26813295,0
0,0.034617677,0
1,0.29947802,0
0,0.13883397,0
1,0.23556669,0
0,0.16044015,0
0,0.055031493,0
1,0.3605994,1
1,0.98204124,1
0,0.3083465,0
0,0.3962724,1
1,0.49598974,1
0,0.1393905,0
0,0.54075885,1
0,0.08583587,0
0,0.22179547,0
1,0.93736196,1
1,0.79357046,1
0,0.14022589,0
0,0.16476874,0
0,0.10486039,0
1,0.06404998,0
0,0.40790835,1
1,0.8664028,1
1,0.9663874,1
0,0.17443888,0
1,0.8398445,1
0,0.14655764,0
0,0.44417107,1
1,0.98729324,1
0,0.4332148,1
0,0.2649688,0
0,0.13883397,0
1,0.93805885,1
0,0.15488175,0
0,0.8662268,1
0,0.48217678,1
1,0.54739535,1
0,0.5184062,1
0,0.18176028,0
0,0.4243218,1
1,0.95621103,1
1,0.8851354,1
0,0.96907437,1
1,0.6827836,1
1,0.82047945,1
0,0.1138484,0
0,0.5904732,1
0,0.12218517,0
0,0.1440955,0
1,0.98005086,1
0,0.112764224,0
0,0.5914005,1
0,0.29956654,0
0,0.1788539,0
0,0.21016538,0
1,0.9578898,1
1,0.050941546,0
0,0.10377346,0
0,0.10580077,0
1,0.96870035,1
0,0.46752486,1
0,0.5537655,1
0,0.547709,1
1,0.8352096,1
0,0.02973904,0
0,0.074014045,0
0,0.6921042,1
1,0.9554,1
1,0.96734035,1
0,0.13883397,0
0,0.7537054,1
1,0.22349362,0
0,0.64949906,1
0,0.14232567,0
0,0.09994037,0
0,0.08071597,0
0,0.13433863,0
0,0.053458773,0
0,0.113142505,0
0,0.44167528,1
0,0.10377346,0
1,0.9688739,1
1,0.9872892,1
0,0.3331943,0
0,0.4235774,1
1,0.26783708,0
0,0.608692,1
0,0.4585894,1
0,0.11169589,0
1,0.98777103,1
1,0.9060548,1
1,0.5707342,1
1,0.18775463,0
0,0.35578555,1
1,0.8949819,1
0,0.6058326,1
0,0.07592496,0
1,0.9604083,1
0,0.4059914,1
1,0.49653128,1
1,0.9405738,1
0,0.31295186,0
1,0.11235806,0
0,0.094541565,0
1,0.99290764,1
0,0.98262686,1
0,0.028540231,0
0,0.069309205,0
0,0.1638974,0
0,0.21325229,0
1,0.9806347,1
1,0.95873094,1
1,0.66901845,1
0,0.2521559,0
0,0.10963682,0
1,0.16202076,0
1,0.20356974,0
1,0.71381295,1
1,0.7360077,1
0,0.3526678,1
1,0.92833245,1
1,0.0790961,0
0,0.2024724,0
1,0.26186815,0
0,0.5486639,1
1,0.62661195,1
0,0.12717234,0
1,0.70202076,1
1,0.99190956,1
0,0.5856282,1
1,0.96292436,1
0,0.11169589,0
0,0.3126637,0
1,0.96589446,1
1,0.33940116,0
0,0.14022589,0
1,0.93408984,1
1,0.76751995,1
0,0.5157358,1
1,0.9872349,1
1,0.9588646,1
0,0.16318469,0
0,0.13739425,0
1,0.9272881,1
0,0.44097304,1
0,0.048805345,0
0,0.24321236,0
1,0.32302877,0
0,0.7023191,1
1,0.8346614,1
1,0.82585627,1
1,0.71796274,1
1,0.9924495,1
1,0.9744359,1
0,0.05016246,0
1,0.93846625,1
1,0.48300746,1
0,0.05492245,0
0,0.6701256,1
1,0.9571513,1
1,0.5626889,1
1,0.26896402,0
0,0.13955468,0
0,0.22027779,0
1,0.56400555,1
0,0.10907274,0
0,0.35579732,1
1,0.9715817,1
0,0.17516178,0
0,0.33704615,0
0,0.16907811,0
1,0.9624398,1
0,0.34142634,1
0,0.1856448,0
0,0.10689533,0
0,0.24641821,0
0,0.23623094,0
0,0.4916467,1
0,0.29348513,0
0,0.10417026,0
0,0.38731068,1
0,0.3194376,0
0,0.14781189,0
1,0.29607865,0
0,0.05119331,0
1,0.8772841,1
1,0.9469748,1
1,0.9827976,1
1,0.9943395,1
1,0.9242418,1
1,0.58546686,1
0,0.22471839,0
1,0.83741057,1
1,0.98441124,1
0,0.048957348,0
0,0.14589015,0
0,0.8146943,1
0,0.25242603,0
0,0.18963908,0
0,0.4653736,1
1,0.06933903,0
0,0.2514854,0
1,0.3784873,1
0,0.042006552,0
1,0.6431205,1
0,0.38108474,1
1,0.9800664,1
1,0.6390631,1
1,0.8505596,1
1,0.10554486,0
1,0.9545134,1
1,0.28064194,0
0,0.0795483,0
0,0.04936287,0
1,0.0795483,0
1,0.5255469,1
0,0.10137084,0
0,0.14049883,0
0,0.7900276,1
0,0.31616095,0
1,0.7323275,1
1,0.48638195,1
1,0.857985,1
0,0.15502122,0
0,0.96299464,1
1,0.39465892,1
1,0.11253032,0
1,0.8607011,1
1,0.9829574,1
0,0.46914032,1
0,0.26544496,0
0,0.41676882,1
0,0.98356414,1
1,0.9859512,1
1,0.92645776,1
0,0.03608128,0
0,0.07900178,0
0,0.3416362,1
0,0.047214575,0
0,0.14181635,0
0,0.27465805,0
0,0.05918473,0
0,0.11960136,0
0,0.22733155,0
1,0.96680343,1
0,0.16422774,0
0,0.665025,1
0,0.08830717,0
0,0.105246276,0
1,0.43569562,1
0,0.41309142,1
0,0.15388174,0
0,0.11170717,0
0,0.30066177,0
0,0.5267981,1
1,0.9469231,1
0,0.9505841,1
0,0.47296652,1
0,0.69056696,1
0,0.78739446,1
1,0.22724482,0
1,0.9350232,1
1,0.96596724,1
1,0.19241062,0
0,0.41101107,1
0,0.3626692,1
1,0.9912477,1
1,0.9622133,1
1,0.9647485,1
0,0.031716164,0
1,0.40971988,1
0,0.084882244,0
1,0.48904833,1
0,0.2638314,0
1,0.68074983,1
1,0.18473454,0
0,0.2295468,0
1,0.98548883,1
1,0.87136614,1
0,0.965678,1
0,0.38601536,1
1,0.9850382,1
0,0.10092588,0
1,0.9719044,1
0,0.16661583,0
1,0.984877,1
0,0.14349687,0
0,0.16553204,0
1,0.07191847,0
0,0.31174585,0
0,0.36229303,1
1,0.44437084,1
0,0.4653736,1
0,0.12626204,0
0,0.08382279,0
0,0.13905522,0
0,0.088869356,0
1,0.9125956,1
0,0.09315387,0
0,0.12876415,0
0,0.08250991,0
0,0.08204561,0
0,0.27707112,0
1,0.4470427,1
1,0.9224909,1
0,0.22634597,0
0,0.060941257,0
1,0.55100095,1
0,0.06169662,0
0,0.47948965,1
0,0.19724564,0
1,0.63995075,1
1,0.7083374,1
0,0.12580721,0
0,0.33195156,0
1,0.9880959,1
0,0.095787816,0
1,0.46485388,1
0,0.06850137,0
1,0.8029058,1
0,0.6809909,1
0,0.15085588,0
0,0.15675971,0
1,0.96482694,1
1,0.9620388,1
0,0.17243095,0
1,0.8666227,1
0,0.47242564,1
0,0.0607583,0
1,0.15169466,0
0,0.26037982,0
0,0.19538748,0
0,0.16764905,0
0,0.2068492,0
1,0.96359587,1
0,0.10900531,0
0,0.2885244,0
1,0.90743756,1
0,0.5054277,1
0,0.57400244,1
0,0.19488263,0
1,0.99394363,1
1,0.91458386,1
0,0.18959992,0
1,0.1896662,0
0,0.20726155,0
1,0.9155872,1
1,0.32214236,0
1,0.9694188,1
1,0.52807456,1
1,0.2361379,0
0,0.17003006,0
0,0.3570244,1
0,0.24139023,0
0,0.21896207,0
0,0.1561422,0
1,0.9578046,1
0,0.08209148,0
1,0.54867566,1
1,0.5298867,1
0,0.13721064,0
1,0.10184799,0
0,0.041254997,0
0,0.23532194,0
1,0.5799443,1
0,0.08936651,0
0,0.53164154,1
0,0.088178374,0
0,0.26783708,0
1,0.3090737,0
0,0.45294785,1
1,0.95559156,1
0,0.9295344,1
0,0.5750543,1
1,0.071372665,0
0,0.11243273,0
1,0.6784885,1
0,0.34933105,1
1,0.102453515,0
0,0.1398526,0
0,0.98965645,1
0,0.43991974,1
0,0.03165791,0
0,0.32021737,0
0,0.5856282,1
0,0.11543195,0
0,0.06946491,0
0,0.12779263,0
0,0.18304844,0
1,0.9820856,1
0,0.41262504,1
0,0.25997704,0
0,0.2247719,0
0,0.20249872,0
0,0.13122708,0
1,0.8818979,1
0,0.057279214,0
0,0.04605023,0
1,0.95805544,1
0,0.061626896,0
0,0.123718105,0
0,0.7002064,1
1,0.9013243,1
0,0.089961156,0
1,0.9692963,1
1,0.22724482,0
1,0.12795034,0
1,0.9822473,1
1,0.2568165,0
1,0.4043083,1
0,0.08443467,0
0,0.12292776,0
0,0.29985967,0
0,0.08745148,0
1,0.9930218,1
1,0.76574594,1
0,0.2514023,0
0,0.34849286,1
0,0.5752344,1
1,0.8221845,1
1,0.9962624,1
0,0.1636091,0
0,0.09151885,0
0,0.15693326,0
0,0.15315259,0
0,0.30957198,0
0,0.14024992,0
1,0.8906303,1
0,0.32120976,0
0,0.38608962,1
0,0.07698392,0
0,0.3796647,1
0,0.0749649,0
1,0.30183294,0
0,0.1944672,0
1,0.8995967,1
1,0.98620474,1
1,0.9950035,1
0,0.67649853,1
1,0.9556366,1
1,0.96696055,1
0,0.076562464,0
1,0.3185894,0
0,0.121809766,0
0,0.30688584,0
0,0.34642622,1
1,0.98190695,1
0,0.22107217,0
0,0.5431597,1
0,0.05277208,0
0,0.12378915,0
1,0.6788662,1
0,0.1057152,0
0,0.5079439,1
0,0.09209183,0
0,0.43380848,1
0,0.18055658,0
1,0.8944253,1
0,0.73042995,1
1,0.32413578,0
0,0.3436994,1
0,0.0865527,0
0,0.17714478,0
1,0.15867214,0
0,0.3001329,0
0,0.66907716,1
1,0.6286237,1
1,0.71703297,1
1,0.33062133,0
1,0.9726146,1
1,0.88349,1
0,0.03765159,0
0,0.508613,1
1,0.21151467,0
1,0.6508565,1
0,0.13138942,0
0,0.105232574,0
1,0.15269798,0
1,0.95197743,1
0,0.032745264,0
0,0.1912042,0
0,0.6432275,1
0,0.117847376,0
1,0.16202076,0
0,0.36963677,1
0,0.49118623,1
0,0.47862294,1
1,0.94657445,1
0,0.03313795,0
0,0.10006046,0
0,0.06824112,0
0,0.18313642,0
1,0.9902316,1
0,0.4470201,1
0,0.17635177,0
0,0.8181254,1
0,0.06824112,0
0,0.1164286,0
0,0.22334857,0
0,0.9513198,1
1,0.76158005,1
0,0.04522853,0
1,0.91990286,1
0,0.7360077,1
1,0.10802362,0
0,0.2331789,0
0,0.7048279,1
0,0.10875095,0
0,0.2080865,0
0,0.19819477,0
1,0.8669207,1
0,0.4150933,1
0,0.3340487,0
1,0.89343315,1
0,0.26385784,0
0,0.4807223,1
1,0.97873735,1
0,0.118872866,0
0,0.5811568,1
0,0.38601536,1
0,0.5462164,1
0,0.098888695,0
0,0.43151462,1
1,0.7684155,1
0,0.19380474,0
0,0.14637311,0
0,0.20469849,0
1,0.18684877,0
1,0.12134923,0
1,0.18786573,0
1,0.9832479,1
0,0.088178374,0
1,0.26543486,0
1,0.39100248,1
0,0.15264346,0
0,0.11589289,0
0,0.06000147,0
0,0.86176425,1
0,0.032885276,0
1,0.16175872,0
1,0.639618,1
1,0.9011015,1
1,0.98090035,1
1,0.8857945,1
1,0.32539904,0
0,0.0795483,0
1,0.9314524,1
1,0.97092485,1
0,0.27465805,0
1,0.6656143,1
0,0.10907619,0
1,0.5462855,1
0,0.46197292,1
1,0.28060207,0
0,0.041218344,0
1,0.24924673,0
1,0.36663964,1
0,0.5481692,1
0,0.16963273,0
0,0.6486085,1
0,0.105927855,0
0,0.2655554,0
1,0.90785193,1
1,0.45070705,1
1,0.9839236,1
0,0.18303001,0
0,0.2503653,0
0,0.13472335,0
1,0.97043353,1
1,0.9525152,1
0,0.29954174,0
0,0.44224513,1
0,0.08936651,0
1,0.9734257,1
0,0.2503653,0
0,0.13716622,0
0,0.06904279,0
0,0.24346836,0
0,0.1507043,0
1,0.3833965,1
0,0.73878616,1
0,0.067510724,0
0,0.1321791,0
0,0.37345085,1
1,0.97129726,1
0,0.0091666775,0
0,0.08986107,0
0,0.22869034,0
1,0.17399794,0
1,0.9236366,1
0,0.19832104,0
1,0.78824,1
1,0.33940116,0
1,0.9820602,1
1,0.2521786,0
0,0.58338624,1
0,0.26375014,0
0,0.24788073,0
1,0.9925889,1
0,0.20879605,0
0,0.4653736,1
1,0.92188054,1
0,0.4711148,1
0,0.023219122,0
1,0.03940331,0
0,0.4152356,1
0,0.32078472,0
1,0.7048935,1
0,0.3890528,1
0,0.24647743,0
0,0.46628547,1
1,0.94978905,1
0,0.1951949,0
1,0.74769455,1
1,0.97426844,1
0,0.8838377,1
0,0.24870026,0
0,0.31616095,0
1,0.9177854,1
1,0.98301655,1
0,0.5750557,1
0,0.07191847,0
1,0.9701652,1
0,0.32302243,0
0,0.5422754,1
1,0.9245492,1
0,0.06529068,0
0,0.28695494,0
1,0.4531177,1
1,0.8747128,1
1,0.9684785,1
0,0.52781886,1
0,0.5390209,1
0,0.14987016,0
0,0.17420687,0
0,0.6634449,1
1,0.9843312,1
0,0.5344455,1
1,0.5302231,1
1,0.35204935,1
1,0.9760032,1
0,0.3767566,1
0,0.04723673,0
1,0.22760688,0
0,0.059506085,0
1,0.6520565,1
0,0.061393216,0
1,0.59218156,1
1,0.992176,1
0,0.09948482,0
0,0.13619862,0
1,0.99211323,1
0,0.9279673,1
0,0.116277464,0
0,0.3794723,1
0,0.24748106,0
0,0.1030401,0
1,0.9710018,1
0,0.7291769,1
0,0.08331257,0
0,0.052519113,0
0,0.4806124,1
0,0.15188128,0
0,0.6715381,1
1,0.984501,1
1,0.49803308,1
0,0.18812515,0
1,0.9679175,1
0,0.7702347,1
0,0.69520915,1
1,0.9748297,1
1,0.9421609,1
0,0.48481238,1
1,0.95938915,1
0,0.9837397,1
0,0.35505858,1
0,0.38427013,1
1,0.36187056,1
1,0.94707,1
1,0.9621572,1
0,0.222644,0
1,0.9897363,1
0,0.4236876,1
1,0.64258826,1
1,0.72422,1
0,0.30905214,0
1,0.95837015,1
1,0.73990554,1
0,0.22644882,0
0,0.16077743,0
0,0.6880213,1
0,0.12598668,0
0,0.7797215,1
0,0.21896207,0
1,0.4820952,1
0,0.4622408,1
0,0.18163571,0
0,0.055809945,0
0,0.5284274,1
1,0.9840859,1
0,0.13888584,0
1,0.92564553,1
1,0.63000876,1
0,0.06888691,0
1,0.98265946,1
0,0.55157757,1
0,0.10377346,0
0,0.35523754,1
1,0.957553,1
0,0.5474199,1
1,0.89058375,1
0,0.04777678,0
0,0.08432018,0
1,0.99469465,1
1,0.5757978,1
0,0.49628663,1
0,0.5102837,1
1,0.28511116,0
1,0.8738995,1
0,0.3041152,0
0,0.026654126,0
0,0.11903627,0
0,0.38262773,1
0,0.37353343,1
1,0.98219115,1
0,0.3568581,1
1,0.9903594,1
1,0.6243539,1
1,0.6337034,1
0,0.03269001,0
1,0.06086584,0
0,0.07012972,0
0,0.0665313,0
1,0.9321284,1
0,0.24717647,0
0,0.3078311,0
0,0.11690652,0
0,0.1224788,0
1,0.953937,1
0,0.12428319,0
1,0.9496188,1
0,0.04976047,0
1,0.18055658,0
0,0.3416362,1
0,0.26543486,0
0,0.5235866,1
1,0.9410285,1
0,0.97614515,1
0,0.103736974,0
1,0.89523536,1
0,0.13363515,0
0,0.03958277,0
0,0.17382084,0
0,0.6296237,1
1,0.9577364,1
0,0.46025097,1
1,0.22201553,0
0,0.093236685,0
0,0.6242175,1
0,0.12580721,0
0,0.50518423,1
0,0.087658636,0
1,0.98229986,1
0,0.5162043,1
0,0.06470003,0
1,0.6478054,1
1,0.9945899,1
1,0.82267517,1
0,0.86627036,1
1,0.9587942,1
1,0.98464096,1
1,0.9948868,1
0,0.29685172,0
1,0.9521249,1
0,0.1907036,0
0,0.41750935,1
0,0.026630804,0
1,0.91631466,1
1,0.28509966,0
0,0.29844782,0
1,0.020781117,0
0,0.056110155,0
1,0.91896296,1
1,0.9690289,1
1,0.42902142,1
1,0.9481113,1
0,0.17714478,0
0,0.053139903,0
0,0.13514479,0
1,0.9770445,1
0,0.44097304,1
0,0.33841676,0
1,0.9829965,1
1,0.9237488,1
0,0.0665313,0
0,0.5127496,1
0,0.31489566,0
0,0.44097304,1
1,0.7406143,1
0,0.034168955,0
1,0.9538517,1
0,0.05952215,0
1,0.96068895,1
1,0.95370305,1
0,0.35266623,1
0,0.20974562,0
0,0.37442985,1
1,0.7041037,1
0,0.5473876,1
0,0.17012405,0
0,0.13217558,0
1,0.97259575,1
0,0.111084394,0
0,0.37701482,1
0,0.3720154,1
0,0.982314,1
0,0.35204935,1
1,0.9591064,1
0,0.41739845,1
0,0.14605522,0
1,0.890928,1
0,0.025706865,0
0,0.2594458,0
1,0.96286327,1
0,0.055385217,0
0,0.4235774,1
0,0.049430657,0
0,0.071308516,0
0,0.38787505,1
0,0.118740365,0
1,0.8355517,1
0,0.19369206,0
0,0.17243095,0
1,0.98720133,1
1,0.9586754,1
0,0.21786848,0
1,0.3423037,1
0,0.5112415,1
1,0.980283,1
0,0.37004492,1
0,0.47501698,1
1,0.98217577,1
1,0.18320923,0
1,0.8941584,1
1,0.4900372,1
0,0.33088642,0
1,0.53818667,1
0,0.12580721,0
0,0.43128753,1
1,0.90753496,1
1,0.98214287,1
0,0.16754934,0
0,0.08435496,0
1,0.7765307,1
0,0.25181666,0
1,0.3960585,1
0,0.50912833,1
1,0.9059787,1
0,0.32926053,0
1,0.5236541,1
0,0.14390431,0
0,0.09266649,0
0,0.11128668,0
1,0.051526383,0
0,0.42946476,1
0,0.115312256,0
0,0.43843552,1
1,0.9497448,1
0,0.112895004,0
0,0.119570814,0
0,0.17074561,0
0,0.2812737,0
0,0.18389699,0
0,0.041715465,0
1,0.9496418,1
0,0.092135735,0
1,0.3890042,1
0,0.29251653,0
1,0.69785863,1
0,0.11342409,0
1,0.6252342,1
0,0.41815177,1
0,0.48714945,1
0,0.17000447,0
0,0.07884749,0
0,0.050332192,0
1,0.06529068,0
1,0.97811526,1
1,0.9575491,1
0,0.7450407,1
0,0.25057563,0
0,0.19300517,0
1,0.98994863,1
0,0.1581835,0
1,0.5430636,1
0,0.26573995,0
0,0.3796483,1
1,0.8496495,1
1,0.98251086,1
1,0.90527755,1
0,0.14677013,0
1,0.35581416,1
0,0.21594994,0
0,0.26768035,0
1,0.9756712,1
1,0.95549667,1
1,0.9676645,1
0,0.34708962,1
0,0.046521634,0
0,0.16019034,0
1,0.78202254,1
0,0.10377346,0
1,0.9562471,1
1,0.9575429,1
1,0.3570244,1
0,0.104408614,0
1,0.49663505,1
1,0.6395316,1
1,0.7677154,1
0,0.16976516,0
1,0.9301665,1
0,0.87539166,1
1,0.9556264,1
0,0.13122708,0
1,0.26783708,0
1,0.86780137,1
1,0.92712605,1
0,0.11142551,0
1,0.9497448,1
0,0.10469598,0
0,0.1304399,0
1,0.29784378,0
1,0.94414186,1
0,0.019773774,0
0,0.06352711,0
0,0.5918272,1
1,0.9813234,1
0,0.29356998,0
1,0.10903217,0
0,0.32105157,0
0,0.117078274,0
1,0.95732313,1
0,0.27786788,0
0,0.06438582,0
0,0.5717731,1
1,0.34233755,1
1,0.9749153,1
1,0.43223226,1
1,0.3592668,1
0,0.2503653,0
1,0.9746815,1
0,0.17429245,0
0,0.09833704,0
0,0.08563077,0
0,0.13952874,0
0,0.6391526,1
0,0.48589703,1
0,0.20236842,0
0,0.5127496,1
1,0.9906944,1
1,0.86071944,1
0,0.749389,1
0,0.16739497,0
1,0.31290928,0
1,0.9800102,1
0,0.9735859,1
0,0.9413766,1
0,0.14561966,0
0,0.021746483,0
1,0.9741322,1
0,0.4036436,1
0,0.3840484,1
0,0.102944724,0
0,0.07369428,0
1,0.9402886,1
1,0.9175962,1
0,0.122055486,0
1,0.3458236,1
0,0.08124092,0
0,0.964348,1
0,0.39339092,1
1,0.077323385,0
0,0.39316693,1
0,0.8825371,1
0,0.3691985,1
1,0.99580884,1
1,0.5158886,1
0,0.3883673,1
1,0.6165035,1
0,0.04936287,0
0,0.31295186,0
0,0.1414416,0
0,0.73636264,1
0,0.6737429,1
1,0.16516976,0
1,0.5415026,1
0,0.081042014,0
1,0.86458164,1
0,0.27573285,0
1,0.22920223,0
0,0.1333502,0
0,0.15568525,0
0,0.023153761,0
0,0.06948821,0
0,0.20600663,0
0,0.101883985,0
1,0.23590292,0
0,0.40753147,1
1,0.6379246,1
1,0.958606,1
0,0.069309205,0
0,0.72443664,1
1,0.9793792,1
1,0.27424687,0
0,0.603822,1
1,0.98618144,1
0,0.23426102,0
0,0.56957424,1
0,0.14987901,0
1,0.9610756,1
0,0.20428735,0
0,0.9944582,1
0,0.1440955,0
0,0.43193838,1
0,0.30573326,0
0,0.46871206,1
0,0.08010556,0
1,0.690563,1
1,0.9619768,1
1,0.94171786,1
0,0.38469663,1
1,0.3120852,0
0,0.8114259,1
1,0.5440923,1
0,0.1500165,0
0,0.7026745,1
0,0.5164283,1
0,0.07788388,0
0,0.17840058,0
0,0.45642918,1
0,0.26975244,0
0,0.37496302,1
0,0.9624408,1
0,0.25136817,0
1,0.98654443,1
0,0.069309205,0
0,0.18132941,0
1,0.8581784,1
1,0.70731163,1
1,0.99378514,1
1,0.4580326,1
1,0.93519163,1
1,0.9302307,1
1,0.9681457,1
1,0.8841146,1
0,0.41429985,1
1,0.10936646,0
0,0.12493492,0
0,0.30253184,0
0,0.080957286,0
0,0.50682676,1
0,0.10810555,0
1,0.09445331,0
0,0.4538399,1
1,0.42381048,1
0,0.26700243,0
0,0.12598668,0
0,0.37722394,1
0,0.82518524,1
0,0.53938985,1
1,0.95330065,1
0,0.04936287,0
0,0.23219281,0
0,0.31306723,0
0,0.06850137,0
0,0.07376329,0
0,0.22573857,0
0,0.13805994,0
1,0.26434156,0
1,0.81524223,1
0,0.35906065,1
0,0.109004684,0
1,0.7284762,1
0,0.21729258,0
0,0.12724333,0
0,0.6350846,1
0,0.16419785,0
0,0.13047606,0
0,0.8847298,1
0,0.16493918,0
1,0.48110697,1
1,0.9230057,1
1,0.9568646,1
0,0.2630041,0
1,0.5725505,1
0,0.5936354,1
0,0.3781032,1
1,0.16625759,0
0,0.49478292,1
1,0.9399605,1
1,0.14850006,0
0,0.16476874,0
0,0.53155696,1
1,0.3889886,1
0,0.25242603,0
0,0.08745148,0
0,0.7532531,1
0,0.51956743,1
1,0.46847892,1
1,0.99384755,1
1,0.9577775,1
0,0.29583085,0
1,0.99001503,1
1,0.95195496,1
1,0.09393483,0
1,0.48110697,1
1,0.9315044,1
0,0.3790158,1
0,0.25421518,0
1,0.976906,1
1,0.5270352,1
0,0.35719168,1
1,0.9706769,1
0,0.2899478,0
0,0.19682409,0
1,0.93572956,1
0,0.6672708,1
1,0.3458236,1
1,0.9383222,1
0,0.08358944,0
1,0.5828058,1
0,0.24118596,0
0,0.19268866,0
0,0.1321791,0
1,0.92821187,1
0,0.608692,1
1,0.74924016,1
0,0.41039935,1
0,0.47020692,1
1,0.3571715,1
1,0.43975583,1
0,0.23934391,0
0,0.09691034,0
0,0.15100735,0
1,0.96462005,1
0,0.06529068,0
0,0.13024749,0
1,0.68312955,1
1,0.5950416,1
0,0.28416672,0
1,0.24788073,0
0,0.13748284,0
1,0.9202574,1
0,0.46156228,1
0,0.21533214,0
1,0.38315672,1
0,0.040604953,0
1,0.35479876,1
0,0.95982057,1
0,0.29349414,0
0,0.2995391,0
0,0.067522965,0
1,0.990221,1
1,0.64949906,1
0,0.10130451,0
1,0.04954031,0
0,0.43543482,1
1,0.98765635,1
0,0.27749434,0
1,0.9837367,1
1,0.9792795,1
0,0.5479909,1
0,0.096105345,0
0,0.13974655,0
1,0.7944473,1
0,0.2070429,0
1,0.9097125,1
1,0.79815257,1
0,0.40724066,1
0,0.54087275,1
0,0.09738931,0
0,0.31102917,0
0,0.69209796,1
1,0.49591637,1
1,0.96055275,1
1,0.3705561,1
0,0.5609495,1
0,0.09292175,0
0,0.0886752,0
0,0.10823262,0
0,0.58365655,1
0,0.10810555,0
0,0.11243273,0
0,0.47980624,1
1,0.94917923,1
0,0.095081754,0
1,0.7341604,1
0,0.22389537,0
0,0.7462771,1
1,0.85707337,1
0,0.20802632,0
1,0.4913327,1
0,0.93028325,1
0,0.045597553,0
1,0.2776195,0
0,0.30045295,0
1,0.47948965,1
1,0.95510304,1
0,0.14854544,0
1,0.27932334,0
0,0.35529438,1
1,0.91264445,1
0,0.035540882,0
1,0.9130258,1
0,0.09273719,0
0,0.080919825,0
1,0.9769209,1
1,0.7735684,1
1,0.95858806,1
0,0.36372453,1
0,0.0772301,0
0,0.4841071,1
1,0.9733776,1
1,0.5467986,1
0,0.39356425,1
0,0.06568513,0
0,0.51149565,1
0,0.23060969,0
0,0.08491181,0
1,0.86290884,1
1,0.975128,1
0,0.30939785,0
1,0.4653736,1
1,0.7384283,1
1,0.92073596,1
0,0.078083485,0
1,0.96975774,1
0,0.08858964,0
0,0.0665313,0
0,0.1906454,0
1,0.6194154,1
0,0.16527195,0
1,0.48530456,1
0,0.1445085,0
0,0.20939362,0
0,0.19256738,0
1,0.22601393,0
0,0.53565246,1
0,0.7373925,1
1,0.990081,1
1,0.92178404,1
0,0.0665313,0
1,0.9847853,1
0,0.040492423,0
1,0.21842012,0
1,0.98832023,1
0,0.36514083,1
0,0.07551344,0
1,0.9545134,1
0,0.072081886,0
0,0.069309205,0
1,0.79986745,1
1,0.34607744,1
0,0.074421264,0
0,0.32007498,0
1,0.9945304,1
1,0.6985356,1
1,0.93787396,1
0,0.78591377,1
1,0.40977407,1
0,0.6052563,1
0,0.13955468,0
1,0.98912185,1
1,0.9627366,1
0,0.12220979,0
1,0.8936412,1
1,0.9620567,1
0,0.08033702,0
1,0.5102837,1
0,0.74371725,1
0,0.3288685,0
0,0.23468629,0
0,0.22601393,0
1,0.4954612,1
0,0.2516021,0
0,0.12532265,0
0,0.67674863,1
0,0.10410786,0
1,0.49318346,1
1,0.937446,1
0,0.054337844,0
0,0.48110697,1
0,0.25242603,0
0,0.083439894,0
0,0.6241582,1
0,0.14335659,0
1,0.25519922,0
0,0.11017047,0
1,0.9851104,1
1,0.33147693,0
0,0.46712476,1
1,0.9961932,1
0,0.042287312,0
1,0.1440955,0
0,0.23309106,0
0,0.15090063,0
1,0.50624055,1
0,0.039679956,0
0,0.50767905,1
1,0.9787692,1
1,0.8652341,1
0,0.28812516,0
0,0.24924247,0
1,0.9000112,1
0,0.48294795,1
1,0.9642527,1
0,0.08732946,0
1,0.8420992,1
1,0.9677115,1
1,0.36929402,1
0,0.08196594,0
1,0.70039237,1
0,0.36252588,1
1,0.7049072,1
1,0.6690404,1
0,0.60788405,1
0,0.06211013,0
0,0.3416362,1
1,0.9301553,1
0,0.17324312,0
1,0.95523673,1
0,0.38601536,1
0,0.033499155,0
1,0.964517,1
0,0.114077754,0
0,0.11003165,0
0,0.3126229,0
1,0.19670913,0
0,0.25238767,0
1,0.92717844,1
0,0.7661953,1
1,0.5390492,1
0,0.2537401,0
1,0.3458236,1
1,0.92441523,1
1,0.24409932,0
1,0.15168887,0
0,0.7345892,1
1,0.98063505,1
1,0.98815817,1
1,0.10577695,0
0,0.67628145,1
0,0.18428335,0
1,0.86693496,1
0,0.5609567,1
1,0.97977453,1
0,0.5825624,1
1,0.59677243,1
1,0.989256,1
0,0.05927774,0
1,0.97411627,1
0,0.047270928,0
1,0.98702013,1
0,0.0920118,0
0,0.27581853,0
0,0.2637518,0
1,0.9890031,1
0,0.19254044,0
0,0.17394547,0
0,0.2361379,0
0,0.24379642,0
0,0.101788156,0
0,0.06669068,0
0,0.3873417,1
1,0.98582315,1
0,0.11381505,0
1,0.4884356,1
0,0.28843674,0
0,0.25356814,0
1,0.36461973,1
0,0.12747426,0
0,0.46749225,1
1,0.9175577,1
0,0.16771148,0
1,0.55728114,1
1,0.19633968,0
0,0.069309205,0
0,0.21766856,0
0,0.056498036,0
1,0.39356425,1
1,0.90149534,1
0,0.17658418,0
1,0.608692,1
0,0.2549154,0
0,0.40298158,1
0,0.166825,0
1,0.43881193,1
1,0.9605085,1
0,0.23298231,0
0,0.082853325,0
0,0.22916614,0
1,0.40139374,1
1,0.95590836,1
1,0.4585894,1
0,0.12180947,0
0,0.2896242,0
0,0.12102339,0
0,0.13199022,0
0,0.15070307,0
0,0.069309205,0
1,0.97889996,1
0,0.16769314,0
0,0.20762712,0
0,0.23061363,0
0,0.3087208,0
0,0.050084386,0
0,0.11337322,0
0,0.058450036,0
1,0.18545862,0
1,0.4235774,1
0,0.2792588,0
1,0.95223063,1
1,0.3678517,1
0,0.28745756,0
1,0.37179208,1
1,0.9730444,1
0,0.20202114,0
0,0.40506235,1
1,0.9876816,1
0,0.23213889,0
1,0.91672266,1
0,0.5617088,1
1,0.92362595,1
0,0.6246667,1
0,0.10650132,0
0,0.27677226,0
1,0.3972456,1
1,0.12592731,0
0,0.10281536,0
1,0.18055658,0
1,0.9873279,1
1,0.5926069,1
0,0.12898973,0
1,0.9856908,1
0,0.26975244,0
0,0.08122408,0
1,0.9678743,1
0,0.41282585,1
0,0.12690224,0
1,0.52698785,1
0,0.31234822,0
1,0.97667533,1
0,0.6555138,1
1,0.9362341,1
0,0.50811696,1
1,0.3537532,1
1,0.8460957,1
1,0.98662853,1
1,0.98221326,1
0,0.16984956,0
0,0.47096685,1
0,0.12852779,0
0,0.3773942,1
0,0.73231655,1
0,0.30694878,0
0,0.17399794,0
0,0.51779467,1
1,0.97127354,1
0,0.3620106,1
1,0.69539386,1
0,0.6321866,1
0,0.4380885,1
0,0.065925375,0
0,0.5800179,1
0,0.09641195,0
1,0.01007606,0
0,0.28440282,0
0,0.17116179,0
0,0.7039418,1
1,0.9665141,1
1,0.98343325,1
1,0.11345474,0
1,0.9624408,1
1,0.35767743,1
0,0.10240359,0
1,0.92352676,1
0,0.4667698,1
0,0.33261034,0
0,0.105927855,0
1,0.7857224,1
0,0.18070896,0
0,0.71234757,1
0,0.088869356,0
1,0.850326,1
0,0.29220232,0
0,0.9053246,1
0,0.530821,1
0,0.67621475,1
1,0.9587887,1
0,0.44747728,1
1,0.90224826,1
1,0.23043819,0
1,0.92179924,1
0,0.80579454,1
0,0.599744,1
0,0.2670923,0
0,0.35773277,1
0,0.21007933,0
0,0.3010368,0
0,0.17368239,0
1,0.43782043,1
0,0.08745148,0
1,0.15243894,0
0,0.20428735,0
0,0.33283043,0
0,0.13952874,0
0,0.94666183,1
1,0.98131907,1
0,0.13885623,0
1,0.9485888,1
0,0.08064859,0
1,0.67524403,1
1,0.26053396,0
1,0.81962764,1
0,0.09328158,0
1,0.79910517,1
1,0.34025893,1
0,0.6868572,1
1,0.9978144,1
1,0.4622408,1
0,0.052550588,0
1,0.96522987,1
0,0.12592173,0
1,0.9390872,1
0,0.5031571,1
1,0.64647055,1
1,0.6942569,1
1,0.9904392,1
0,0.09333766,0
0,0.15243894,0
0,0.11214863,0
0,0.8404133,1
0,0.7165121,1
0,0.20229813,0
0,0.122052915,0
0,0.6393353,1
1,0.9875965,1
0,0.07525594,0
1,0.13883397,0
1,0.36618185,1
1,0.56957424,1
1,0.9911022,1
1,0.77559906,1
0,0.31168714,0
1,0.67394257,1
0,0.79397213,1
0,0.166825,0
1,0.29947802,0
0,0.07771762,0
0,0.38958168,1
0,0.16172993,0
0,0.5931623,1
1,0.97017956,1
0,0.31695658,0
0,0.20058264,0
1,0.94074184,1
0,0.13952874,0
0,0.17568494,0
0,0.22724482,0
0,0.10052361,0
0,0.0856613,0
1,0.97546005,1
0,0.41125426,1
1,0.59858495,1
0,0.14533922,0
1,0.109747484,0
0,0.112498306,0
1,0.9768794,1
0,0.42921215,1
0,0.47980624,1
0,0.4158175,1
0,0.18371977,0
1,0.23416527,0
0,0.0104757175,0
1,0.98994863,1
1,0.9625138,1
0,0.23897572,0
0,0.057437826,0
1,0.61820155,1
0,0.0591043,0
0,0.13451956,0
0,0.25937128,0
0,0.19670913,0
1,0.64256406,1
1,0.97738886,1
1,0.953508,1
0,0.16419785,0
0,0.05185856,0
0,0.04465226,0
0,0.2815502,0
0,0.4224906,1
1,0.82592505,1
1,0.9907623,1
0,0.22389537,0
1,0.981489,1
1,0.8248614,1
0,0.40888768,1
0,0.971865,1
1,0.25302392,0
1,0.9363239,1
0,0.09780455,0
0,0.36963424,1
1,0.4051799,1
0,0.47396314,1
0,0.28281742,0
0,0.42921215,1
0,0.09493683,0
0,0.30931225,0
0,0.048100624,0
0,0.29029727,0
0,0.7130496,1
0,0.32007498,0
1,0.68495744,1
0,0.3561578,1
0,0.06567488,0
0,0.65126854,1
0,0.028428083,0
0,0.20229813,0
1,0.3792396,1
0,0.660322,1
0,0.34811914,1
0,0.092789344,0
1,0.6237769,1
0,0.8175824,1
1,0.3818445,1
1,0.8520555,1
0,0.17498933,0
0,0.43151462,1
0,0.44334033,1
0,0.25531942,0
1,0.99155915,1
0,0.113625206,0
0,0.15143698,0
0,0.10246076,0
0,0.05426309,0
0,0.048991602,0
1,0.949934,1
0,0.064395614,0
1,0.6315872,1
1,0.6281173,1
0,0.49925286,1
1,0.49884146,1
0,0.19777408,0
0,0.098746404,0
1,0.94714695,1
0,0.0993411,0
1,0.69664943,1
1,0.557213,1
0,0.056486003,0
0,0.33809933,0
0,0.106608614,0
1,0.075213976,0
0,0.08011389,0
0,0.13276699,0
0,0.104034446,0
1,0.48272562,1
0,0.050648298,0
1,0.8607011,1
1,0.35258335,1
1,0.9934794,1
1,0.9515338,1
0,0.03905929,0
0,0.6635399,1
1,0.9840388,1
1,0.9606,1
0,0.13419563,0
1,0.14671095,0
0,0.59122854,1
0,0.054509953,0
1,0.18533355,0
0,0.41528544,1
1,0.98815817,1
0,0.73636264,1
1,0.9660018,1
1,0.578768,1
0,0.1299914,0
0,0.07373967,0
0,0.16739497,0
0,0.3553946,1
0,0.0516622,0
1,0.77866375,1
0,0.18905891,0
0,0.2503653,0
0,0.073177055,0
0,0.2667797,0
1,0.96383446,1
0,0.43991974,1
0,0.20216718,0
0,0.17714478,0
1,0.96700346,1
0,0.32666883,0
0,0.1445085,0
1,0.5640066,1
1,0.98405635,1
0,0.7610052,1
1,0.4667851,1
0,0.36413056,1
1,0.91755277,1
0,0.41955426,1
0,0.12245877,0
1,0.7919317,1
1,0.44832772,1
0,0.5950416,1
1,0.9813234,1
1,0.59122854,1
0,0.10253184,0
0,0.15721738,0
0,0.14228731,0
1,0.67052823,1
0,0.028642226,0
0,0.049828045,0
1,0.89117366,1
1,0.989578,1
1,0.98873025,1
0,0.04731872,0
0,0.32664052,0
0,0.14399382,0
1,0.42921215,1
0,0.6426066,1
0,0.89991915,1
0,0.10082326,0
1,0.4074686,1
0,0.14390431,0
0,0.14034346,0
1,0.08097875,0
1,0.9862049,1
1,0.56237584,1
0,0.19285057,0
1,0.20156175,0
0,0.65814066,1
0,0.11357107,0
0,0.05095349,0
1,0.62513536,1
0,0.04541844,0
0,0.06425159,0
0,0.2581727,0
1,0.759892,1
0,0.36172593,1
0,0.021407466,0
1,0.94297886,1
1,0.9803136,1
0,0.166825,0
1,0.9550639,1
1,0.93455255,1
1,0.94536966,1
0,0.11214863,0
0,0.040926177,0
0,0.07259286,0
0,0.225243,0
0,0.051528443,0
1,0.36992878,1
0,0.27715164,0
0,0.17427444,0
0,0.19440742,0
0,0.5022894,1
1,0.974427,1
0,0.19460353,0
0,0.5947803,1
0,0.6294571,1
0,0.4913932,1
0,0.1267727,0
0,0.8706065,1
1,0.093571946,0
0,0.23449121,0
1,0.9741476,1
0,0.04813676,0
0,0.49227303,1
1,0.9799644,1
1,0.9713481,1
1,0.09074646,0
1,0.93405026,1
0,0.061957344,0
1,0.7567557,1
0,0.112434685,0
0,0.14561966,0
1,0.59668666,1
0,0.3595891,1
0,0.47417912,1
1,0.66848564,1
1,0.84034747,1
0,0.04140279,0
0,0.73458886,1
1,0.9695394,1
1,0.49144232,1
0,0.059989396,0
0,0.31863543,0
1,0.982534,1
1,0.9246958,1
0,0.2739661,0
0,0.14016901,0
0,0.19932784,0
1,0.51051736,1
1,0.6004118,1
0,0.363415,1
1,0.9905179,1
0,0.31590128,0
1,0.4263922,1
1,0.97500956,1
1,0.17971176,0
1,0.57802504,1
0,0.22389537,0
1,0.92304695,1
1,0.17841382,0
0,0.42599127,1
0,0.37004492,1
0,0.61852616,1
1,0.8051195,1
1,0.59089184,1
1,0.43975583,1
0,0.6244176,1
0,0.5256867,1
0,0.21634965,0
1,0.40197605,1
1,0.6876346,1
0,0.58894056,1
1,0.7190375,1
0,0.07457126,0
0,0.17714478,0
0,0.41567272,1
0,0.1440955,0
0,0.46653396,1
0,0.117474295,0
0,0.22941266,0
1,0.9713221,1
1,0.96075076,1
1,0.3570244,1
0,0.1415496,0
1,0.57469386,1
1,0.81109434,1
1,0.634377,1
1,0.43389848,1
0,0.32753342,0
0,0.58955276,1
0,0.026916986,0
1,0.030817036,0
0,0.10530624,0
0,0.26159745,0
0,0.2536891,0
1,0.9272099,1
0,0.30617625,0
1,0.8625981,1
0,0.19812572,0
1,0.98661333,1
1,0.4351977,1
1,0.21387424,0
0,0.08821034,0
0,0.09057644,0
0,0.16877444,0
0,0.50857264,1
0,0.12516722,0
0,0.02705635,0
1,0.206801,0
0,0.19111347,0
0,0.07391404,0
1,0.933555,1
0,0.10907619,0
0,0.98717,1
0,0.30881494,0
0,0.056913275,0
0,0.17324312,0
0,0.1776456,0
1,0.9390151,1
1,0.5594105,1
0,0.035040077,0
0,0.06120368,0
0,0.1224788,0
1,0.98131907,1
1,0.9753411,1
0,0.4655944,1
0,0.25882664,0
1,0.7675456,1
0,0.25078377,0
0,0.19889174,0
1,0.55728114,1
1,0.9903319,1
1,0.99474007,1
0,0.06000147,0
0,0.08571027,0
0,0.29689968,0
0,0.21676268,0
0,0.6433555,1
0,0.4589746,1
0,0.55395675,1
1,0.40832964,1
0,0.29342064,0
0,0.3416362,1
0,0.6628303,1
1,0.6683356,1
0,0.3763933,1
1,0.47470775,1
0,0.07680697,0
0,0.110882245,0
0,0.09838114,0
0,0.19064702,0
1,0.11139331,0
1,0.9270981,1
0,0.23753248,0
1,0.18532796,0
0,0.09306861,0
1,0.22134264,0
1,0.7883968,1
1,0.9669944,1
1,0.8951231,1
1,0.88711077,1
0,0.11063451,0
0,0.046853825,0
0,0.48628834,1
1,0.63416684,1
0,0.16935876,0
1,0.96771026,1
0,0.24487522,0
1,0.48031417,1
1,0.9767181,1
1,0.9453947,1
0,0.57642317,1
1,0.97037685,1
1,0.44612357,1
1,0.05918473,0
0,0.22348489,0
0,0.25242603,0
0,0.15864496,0
0,0.18971229,0
1,0.8563656,1
1,0.9504695,1
1,0.9738928,1
0,0.6255043,1
1,0.9588793,1
1,0.773909,1
0,0.166825,0
0,0.38610083,1
0,0.4042967,1
0,0.5745497,1
1,0.97386974,1
1,0.7134077,1
0,0.077142626,0
1,0.90527755,1
0,0.4018059,1
0,0.10810555,0
1,0.46210277,1
0,0.08975515,0
0,0.16218004,0
0,0.67621475,1
0,0.4132403,1
0,0.47470233,1
1,0.9215163,1
0,0.123022266,0
0,0.31952864,0
1,0.8499358,1
0,0.16077743,0
1,0.16222763,0
0,0.11066371,0
0,0.23576523,0
1,0.9795267,1
0,0.18170525,0
1,0.10660596,0
0,0.34602174,1
1,0.9490182,1
0,0.15097524,0
0,0.18537012,0
0,0.36588994,1
0,0.24496569,0
0,0.2466404,0
0,0.15315604,0
1,0.9463692,1
1,0.83817273,1
0,0.38787505,1
0,0.968694,1
0,0.1765282,0
0,0.28955656,0
0,0.5209929,1
0,0.6939346,1
1,0.95944005,1
0,0.09671533,0
1,0.38357306,1
1,0.9677308,1
0,0.08649882,0
0,0.5668487,1
0,0.1709439,0
1,0.88812137,1
1,0.9695329,1
1,0.72847444,1
1,0.23195182,0
0,0.75026107,1
0,0.15070307,0
1,0.92744166,1
1,0.92627466,1
1,0.39008442,1
0,0.22463742,0
0,0.06529068,0
0,0.15335809,0
0,0.18055658,0
0,0.09779303,0
0,0.54334337,1
0,0.41262504,1
0,0.061414387,0
1,0.9937085,1
1,0.66901845,1
1,0.9520066,1
1,0.5822908,1
0,0.10374171,0
0,0.50522715,1
1,0.93028533,1
1,0.9434527,1
1,0.34877053,1
1,0.98420215,1
1,0.26853785,0
1,0.9856877,1
0,0.08640503,0
1,0.38562796,1
0,0.11779995,0
0,0.0516585,0
1,0.9170754,1
1,0.7284762,1
0,0.116567716,0
0,0.4650259,1
0,0.0090727685,0
1,0.9737945,1
1,0.98176837,1
1,0.47171757,1
0,0.21066116,0
1,0.9683787,1
0,0.30292815,0
1,0.26853785,0
0,0.13601455,0
0,0.09048711,0
1,0.44133124,1
1,0.98420215,1
0,0.331346,0
0,0.20061187,0
0,0.27079976,0
1,0.608692,1
1,0.29185012,0
1,0.3735919,1
0,0.7634915,1
1,0.9587942,1
0,0.17084081,0
0,0.037847973,0
1,0.8997027,1
1,0.11214863,0
0,0.013674908,0
1,0.97743225,1
0,0.24570714,0
0,0.05926413,0
1,0.87740713,1
0,0.36997956,1
0,0.5545543,1
1,0.8177159,1
0,0.077886015,0
1,0.9835413,1
1,0.08978685,0
0,0.09003626,0
0,0.088929124,0
0,0.20254456,0
0,0.15632506,0
0,0.23973392,0
0,0.05927774,0
0,0.10943118,0
0,0.25242603,0
1,0.96917903,1
0,0.49234504,1
0,0.16963273,0
0,0.6523699,1
1,0.41240418,1
1,0.7023191,1
1,0.9583071,1
1,0.6465694,1
1,0.6611779,1
0,0.1041862,0
1,0.08861593,0
0,0.491664,1
1,0.10907619,0
0,0.45845702,1
0,0.10246076,0
1,0.82259536,1
1,0.446402,1
0,0.2707829,0
1,0.8779041,1
1,0.836183,1
0,0.8487371,1
0,0.16346662,0
1,0.4653736,1
0,0.10031972,0
1,0.34024084,1
1,0.93899536,1
1,0.92645776,1
0,0.19235118,0
1,0.44706672,1
1,0.13327874,0
0,0.05473033,0
1,0.47351307,1
0,0.18964371,0
0,0.12993966,0
1,0.08771118,0
1,0.54670286,1
1,0.6235722,1
1,0.3243176,0
0,0.13486551,0
0,0.21435302,0
1,0.96974945,1
0,0.40274197,1
1,0.6716168,1
1,0.9789026,1
0,0.11429984,0
0,0.15866171,0
0,0.5263097,1
0,0.83017206,1
1,0.5708846,1
0,0.4627501,1
0,0.080506675,0
0,0.14319433,0
0,0.18533258,0
0,0.2098049,0
0,0.08643135,0
0,0.08882838,0
0,0.110882245,0
1,0.6187564,1
1,0.8404881,1
1,0.91285163,1
0,0.121512234,0
1,0.8830714,1
0,0.26543486,0
0,0.17399794,0
0,0.12580721,0
0,0.1255953,0
0,0.18395175,0
0,0.986597,1
0,0.6960163,1
0,0.6870558,1
0,0.10082326,0
1,0.1440955,0
0,0.070613526,0
0,0.21976948,0
0,0.96307325,1
0,0.36633313,1
0,0.10765793,0
0,0.08386762,0
1,0.99342245,1
0,0.29844782,0
0,0.5626889,1
0,0.23228833,0
0,0.41262504,1
0,0.14888756,0
1,0.23729655,0
0,0.048807137,0
0,0.2531962,0
0,0.89927596,1
0,0.4576064,1
1,0.98153245,1
1,0.97939336,1
1,0.2235867,0
1,0.7773998,1
0,0.6420147,1
0,0.11401608,0
0,0.083934724,0
0,0.3331567,0
0,0.21721777,0
0,0.18537012,0
1,0.9734167,1
1,0.9505648,1
0,0.23326513,0
0,0.48252442,1
0,0.9460395,1
1,0.47980624,1
1,0.83427197,1
0,0.98896176,1
1,0.42438897,1
0,0.7211761,1
1,0.9840895,1
1,0.4435129,1
0,0.7163663,1
0,0.20085162,0
0,0.15671031,0
0,0.28900677,0
0,0.17147225,0
0,0.19762394,0
0,0.34889498,1
0,0.34020346,1
0,0.31491897,0
0,0.83380777,1
1,0.9887643,1
1,0.5786251,1
0,0.76242405,1
1,0.8785398,1
1,0.38084224,1
0,0.073531434,0
1,0.8272412,1
0,0.23189001,0
0,0.16419785,0
0,0.6384247,1
0,0.6751694,1
1,0.9751348,1
1,0.926998,1
0,0.41293567,1
1,0.99341834,1
1,0.4679202,1
0,0.11851829,0
0,0.67397726,1
0,0.26173317,0
1,0.31742892,0
1,0.5701325,1
0,0.76740634,1
1,0.9594564,1
0,0.34037432,1
0,0.60345954,1
1,0.2282516,0
0,0.06489208,0
0,0.09147879,0
1,0.95251316,1
0,0.038369194,0
0,0.09780276,0
1,0.95271134,1
0,0.38669792,1
1,0.33289978,0
1,0.27677226,0
0,0.36126193,1
1,0.60128176,1
0,0.14965822,0
0,0.26861697,0
0,0.0762185,0
1,0.950992,1
1,0.6782668,1
1,0.9576335,1
0,0.43154454,1
0,0.05119331,0
0,0.41134718,1
0,0.24914789,0
0,0.25249606,0
0,0.530821,1
0,0.6413572,1
0,0.23527335,0
0,0.8552974,1
0,0.06021402,0
0,0.21260019,0
0,0.15523423,0
0,0.97733694,1
1,0.32870707,0
0,0.9430902,1
1,0.61987925,1
1,0.152081,0
0,0.31306723,0
1,0.35204935,1
1,0.855024,1
0,0.08382279,0
0,0.7294386,1
1,0.1889465,0
1,0.9723121,1
1,0.9664315,1
0,0.20655596,0
1,0.94971293,1
1,0.9777796,1
0,0.12532265,0
0,0.41463956,1
0,0.5442878,1
0,0.31616095,0
0,0.5399796,1
0,0.18618873,0
1,0.5753879,1
0,0.17960677,0
0,0.21083131,0
0,0.08894607,0
0,0.7901732,1
1,0.97454786,1
1,0.21731548,0
0,0.10622994,0
0,0.44850922,1
0,0.06525544,0
0,0.12585038,0
0,0.23193714,0
1,0.912751,1
0,0.66138595,1
1,0.8404148,1
1,0.7165121,1
1,0.96867394,1
1,0.98013514,1
0,0.4043083,1
0,0.10602261,0
0,0.2077433,0
0,0.44060147,1
1,0.964181,1
0,0.23221986,0
0,0.8005917,1
1,0.98044306,1
0,0.30253184,0
0,0.12875625,0
0,0.20085162,0
1,0.34300047,1
1,0.88416183,1
0,0.056110155,0
1,0.9417297,1
0,0.08771118,0
1,0.17403558,0
0,0.061094034,0
0,0.348796,1
0,0.93538964,1
1,0.9221326,1
1,0.9848785,1
0,0.013444968,0
1,0.9850699,1
0,0.72542197,1
0,0.25242603,0
0,0.14390431,0
0,0.24321236,0
0,0.25242603,0
1,0.9857243,1
0,0.07667168,0
0,0.1318034,0
0,0.13649349,0
1,0.95579475,1
0,0.43294436,1
0,0.5792466,1
1,0.9091295,1
0,0.35151863,1
0,0.4271843,1
0,0.37811273,1
0,0.15218385,0
0,0.03768751,0
0,0.22349808,0
1,0.4188215,1
0,0.28904888,0
0,0.18909791,0
0,0.04544275,0
1,0.9796435,1
0,0.41730547,1
1,0.8525183,1
1,0.96824294,1
1,0.9947048,1
0,0.81557304,1
0,0.1091548,0
0,0.03878781,0
0,0.38906807,1
1,0.756127,1
0,0.53938985,1
1,0.74909794,1
0,0.083044864,0
0,0.23578331,0
0,0.3642461,1
1,0.9362341,1
0,0.9148745,1
1,0.9874281,1
0,0.22611588,0
0,0.1429107,0
0,0.38867933,1
0,0.06548299,0
0,0.10866884,0
1,0.91303635,1
1,0.7237328,1
0,0.16217737,0
0,0.3940522,1
0,0.057868604,0
0,0.25589806,0
0,0.65232265,1
0,0.22770865,0
0,0.34231365,1
0,0.090127416,0
1,0.6237836,1
0,0.29229346,0
1,0.79685277,1
1,0.7188247,1
0,0.08464126,0
1,0.32460403,0
1,0.8918149,1
0,0.05994944,0
0,0.15485537,0
0,0.4653736,1
0,0.14490224,0
1,0.99545187,1
0,0.5684589,1
0,0.38354895,1
0,0.4653736,1
0,0.11919527,0
0,0.48416567,1
0,0.38601536,1
0,0.19889174,0
1,0.9795675,1
1,0.90470016,1
0,0.1523534,0
0,0.34714568,1
1,0.9604772,1
0,0.15457577,0
1,0.41539443,1
1,0.47471327,1
1,0.9577775,1
1,0.642463,1
0,0.33835757,0
1,0.9845691,1
0,0.23940061,0
1,0.95088464,1
0,0.31540596,0
0,0.73037845,1
0,0.22299889,0
0,0.9313351,1
1,0.9454991,1
0,0.23331612,0
1,0.8031452,1
0,0.5730121,1
0,0.095498346,0
1,0.1624251,0
1,0.15914865,0
0,0.30683333,0
0,0.9345267,1
1,0.7928159,1
0,0.52566653,1
1,0.9832103,1
0,0.2070429,0
1,0.9267632,1
0,0.08466531,0
0,0.101788156,0
0,0.083490565,0
1,0.84989583,1
0,0.22054169,0
0,0.20004308,0
0,0.59120727,1
0,0.12292776,0
0,0.64949155,1
0,0.44890016,1
0,0.10816747,0
1,0.24443693,0
0,0.13755651,0
1,0.97681004,1
0,0.13926269,0
0,0.20748848,0
0,0.38601536,1
1,0.5481692,1
0,0.18545862,0
0,0.2761568,0
1,0.7027191,1
0,0.19151646,0
0,0.49792683,1
1,0.64052093,1
1,0.92558783,1
1,0.98614955,1
1,0.9966934,1
0,0.273864,0
0,0.24622922,0
0,0.59191597,1
1,0.92273176,1
1,0.928902,1
0,0.14376193,0
1,0.8405643,1
0,0.50755364,1
1,0.98830706,1
0,0.07525594,0
1,0.8123773,1
0,0.4000142,1
0,0.29634547,0
0,0.38684037,1
0,0.4540725,1
1,0.9042177,1
1,0.372852,1
1,0.9229598,1
0,0.13230996,0
1,0.23170003,0
0,0.2507603,0
1,0.11250142,0
0,0.23160091,0
0,0.04018165,0
0,0.65040684,1
1,0.15085588,0
0,0.2703766,0
0,0.10002451,0
0,0.102479614,0
1,0.9785221,1
1,0.7831014,1
0,0.23345985,0
0,0.53773737,1
0,0.3010368,0
1,0.9646622,1
0,0.10860685,0
1,0.97211796,1
1,0.21071638,0
1,0.9686183,1
1,0.4824445,1
1,0.45511663,1
1,0.98451346,1
1,0.96984327,1
0,0.08122408,0
0,0.1438955,0
0,0.17399794,0
1,0.5806697,1
1,0.9398872,1
0,0.15567335,0
0,0.29844782,0
0,0.1255953,0
0,0.12102339,0
0,0.16958337,0
1,0.98111373,1
0,0.57067525,1
0,0.17420687,0
1,0.9842323,1
0,0.2537401,0
0,0.13114011,0
0,0.17243095,0
1,0.9818263,1
1,0.7016009,1
0,0.43434852,1
1,0.4586744,1
1,0.93538964,1
0,0.27337548,0
1,0.2514439,0
0,0.19937481,0
0,0.3448407,1
0,0.23608005,0
0,0.15148035,0
1,0.22710994,0
1,0.22601393,0
1,0.98420215,1
0,0.56183887,1
1,0.18055658,0
0,0.17714478,0
0,0.15745784,0
1,0.28280202,0
1,0.29387698,0
0,0.49054706,1
0,0.34732878,1
1,0.24597807,0
0,0.42551664,1
1,0.9620125,1
0,0.43316063,1
0,0.5344451,1
1,0.9752771,1
0,0.6740187,1
0,0.34041452,1
0,0.15803367,0
1,0.9483175,1
0,0.06958659,0
0,0.6339938,1
0,0.15257944,0
0,0.6850624,1
0,0.19689167,0
1,0.91795933,1
0,0.629938,1
0,0.060869608,0
1,0.63748753,1
1,0.9616714,1
1,0.0993411,0
1,0.98602,1
0,0.04766049,0
0,0.7879826,1
0,0.10184799,0
0,0.75721514,1
1,0.98131806,1
0,0.08774812,0
0,0.6152359,1
0,0.33234912,0
0,0.095291205,0
1,0.9728373,1
1,0.057124346,0
1,0.42614767,1
1,0.99193984,1
0,0.23721416,0
1,0.964893,1
0,0.13327874,0
0,0.2776195,0
0,0.68438244,1
1,0.9729786,1
1,0.5832329,1
0,0.11817713,0
0,0.39620483,1
1,0.5915596,1
1,0.97364306,1
1,0.94382554,1
0,0.20973101,0
1,0.45530605,1
1,0.9355,1
0,0.1331246,0
0,0.64949906,1
1,0.8361835,1
1,0.99363023,1
1,0.33295554,0
1,0.4977133,1
0,0.14034346,0
0,0.5721117,1
1,0.94316113,1
0,0.18584873,0
1,0.16638695,0
0,0.041295316,0
0,0.16476874,0
0,0.26355585,0
0,0.2006283,0
1,0.9467469,1
1,0.09402809,0
1,0.44414023,1
0,0.16849612,0
0,0.06626514,0
1,0.31952864,0
0,0.060270734,0
0,0.51217157,1
0,0.8494576,1
1,0.9752916,1
0,0.024037858,0
1,0.86693394,1
1,0.38562796,1
1,0.9064832,1
0,0.4685792,1
0,0.28191864,0
0,0.22117516,0
0,0.04936287,0
1,0.34950933,1
0,0.15485537,0
0,0.29981193,0
1,0.8463112,1
1,0.7982382,1
0,0.9719044,1
0,0.22118188,0
1,0.46592885,1
1,0.4822965,1
0,0.029310318,0
0,0.14022589,0
0,0.26535416,0
1,0.19241062,0
0,0.12570897,0
1,0.54746526,1
0,0.831225,1
1,0.90512615,1
0,0.08571027,0
1,0.98657566,1
0,0.13652383,0
0,0.44199613,1
1,0.9229598,1
0,0.32006553,0
1,0.98673147,1
0,0.29180914,0
0,0.099898934,0
1,0.97961116,1
1,0.5371857,1
1,0.9081341,1
0,0.116233,0
0,0.38049757,1
0,0.10224154,0
0,0.03878434,0
0,0.10810555,0
1,0.93268013,1
0,0.17037138,0
1,0.38108474,1
1,0.675287,1
0,0.054749873,0
0,0.47623602,1
0,0.2504569,0
0,0.26173317,0
0,0.17403558,0
0,0.06537052,0
1,0.47965792,1
1,0.94105476,1
0,0.12580721,0
0,0.0650983,0
1,0.97009104,1
1,0.734768,1
0,0.19832104,0
0,0.6602394,1
0,0.1328539,0
0,0.04462598,0
1,0.98105067,1
1,0.78979623,1
1,0.9895532,1
1,0.98420215,1
0,0.12585038,0
0,0.10725932,0
1,0.09159775,0
0,0.6163628,1
1,0.9401069,1
0,0.6136877,1
0,0.56492627,1
0,0.18996443,0
1,0.4808926,1
0,0.13805994,0
0,0.094048485,0
0,0.48539662,1
1,0.50244343,1
1,0.94179714,1
0,0.23727287,0
1,0.8589841,1
0,0.35200077,1
0,0.036381356,0
1,0.96717113,1
0,0.11168326,0
1,0.8978799,1
0,0.088869356,0
0,0.04912602,0
1,0.98362064,1
0,0.090159036,0
0,0.04813228,0
0,0.07659352,0
0,0.30079558,0
1,0.9638998,1
1,0.4713778,1
1,0.31261143,0
1,0.52626157,1
1,0.67679155,1
1,0.9116093,1
0,0.20085162,0
0,0.12472656,0
0,0.3638518,1
1,0.53938985,1
0,0.176392,0
1,0.9789202,1
1,0.97970486,1
0,0.1575509,0
1,0.22786976,0
0,0.6938524,1
1,0.11682193,0
1,0.45231068,1
1,0.97657406,1
0,0.23847543,0
0,0.18068686,0
0,0.030810913,0
0,0.14058419,0
1,0.73695385,1
1,0.83654356,1
0,0.6653681,1
0,0.3570244,1
1,0.9905834,1
0,0.17537083,0
0,0.6473074,1
0,0.12580721,0
0,0.11243273,0
1,0.91479653,1
0,0.41327298,1
1,0.96896994,1
0,0.35836747,1
1,0.95595896,1
0,0.069309205,0
0,0.084882244,0
0,0.15490444,0
0,0.28695494,0
0,0.065433286,0
1,0.5764439,1
0,0.41956702,1
0,0.2808496,0
0,0.38394403,1
0,0.08583587,0
0,0.11719843,0
1,0.88035715,1
0,0.21385723,0
0,0.33568144,0
1,0.31561822,0
0,0.24211386,0
0,0.44711685,1
0,0.17251389,0
0,0.023803685,0
0,0.49759868,1
0,0.68400484,1
1,0.94507235,1
1,0.48712516,1
1,0.20015109,0
0,0.29941055,0
1,0.8061818,1
1,0.97836053,1
0,0.017891789,0
0,0.16057669,0
1,0.40097168,1
0,0.19889174,0
0,0.019817963,0
0,0.7988594,1
0,0.20004308,0
1,0.6989475,1
0,0.17622034,0
1,0.76101106,1
0,0.0754662,0
1,0.46585163,1
1,0.21929774,0
0,0.086673655,0
1,0.8865885,1
0,0.40378055,1
1,0.6176863,1
1,0.92787254,1
0,0.45434445,1
0,0.29922196,0
0,0.14003198,0
0,0.1440955,0
1,0.9770716,1
0,0.21574275,0
0,0.98713684,1
0,0.3284718,0
0,0.64430505,1
0,0.13883397,0
1,0.3357567,0
0,0.16388321,0
0,0.14223313,0
0,0.1788759,0
0,0.06334338,0
0,0.034648508,0
1,0.9664462,1
0,0.43873784,1
0,0.3416362,1
0,0.27428666,0
1,0.33568144,0
0,0.019443257,0
1,0.95508,1
0,0.8984281,1
1,0.9585218,1
